{
    "best_model": "Random Forest",
    "accuracy": 0.85,
    "precision": 0.88,
    "recall": 0.7857142857142857,
    "f1_score": 0.8301886792452831,
    "auc": 0.94140625,
    "cv_mean_f1": 0.7612826339443519,
    "cv_std_f1": 0.08345706582744868
}